{
	"IcoMoonType": "selection",
	"icons": [
		{
			"icon": {
				"paths": [
					"M1024 590.444l-512-397.426-512 397.428v-162.038l512-397.426 512 397.428zM896 576v384h-256v-256h-256v256h-256v-384l384-288z"
				],
				"tags": [
					"home",
					"house",
					"building"
				],
				"grid": 16
			},
			"properties": {
				"id": 0,
				"order": 33,
				"prevSize": 32,
				"code": 58884,
				"name": "home",
				"ligatures": ""
			},
			"setIdx": 0,
			"iconIdx": 0
		},
		{
			"icon": {
				"paths": [
					"M512 64l-512 512 96 96 96-96 64 384h192v-192h128v192h192l64-384 96 96 96-96-512-512zM512 474.508c-49.988 0-90.512-40.52-90.512-90.508s40.524-90.51 90.512-90.51c49.984 0 90.51 40.524 90.51 90.51 0 49.988-40.526 90.508-90.51 90.508z"
				],
				"tags": [
					"home",
					"house",
					"building"
				],
				"grid": 16
			},
			"properties": {
				"id": 2,
				"order": 36,
				"prevSize": 32,
				"code": 58885,
				"name": "home2",
				"ligatures": ""
			},
			"setIdx": 0,
			"iconIdx": 2
		},
		{
			"icon": {
				"paths": [
					"M896 256v-128h-896v704c0 35.346 28.654 64 64 64h864c53.022 0 96-42.978 96-96v-544h-128zM832 832h-768v-640h768v640zM128 320h640v64h-640zM512 448h256v64h-256zM512 576h256v64h-256zM512 704h192v64h-192zM128 448h320v320h-320z"
				],
				"tags": [
					"newspaper",
					"paper"
				],
				"grid": 16
			},
			"properties": {
				"id": 4,
				"order": 34,
				"prevSize": 32,
				"code": 58886,
				"name": "newspaper",
				"ligatures": ""
			},
			"setIdx": 0,
			"iconIdx": 4
		},
		{
			"icon": {
				"paths": [
					"M864 0c88.364 0 160 71.634 160 160 0 36.020-11.91 69.258-32 96l-64 64-224-224 64-64c26.742-20.090 59.978-32 96-32zM64 736l-64 288 288-64 592-592-224-224-592 592zM715.578 363.578l-448 448-55.156-55.156 448-448 55.156 55.156z"
				],
				"tags": [
					"pencil",
					"write",
					"edit",
					"blog",
					"note"
				],
				"grid": 16
			},
			"properties": {
				"id": 5,
				"order": 35,
				"prevSize": 32,
				"code": 58887,
				"name": "pencil",
				"ligatures": ""
			},
			"setIdx": 0,
			"iconIdx": 5
		},
		{
			"icon": {
				"paths": [
					"M960.004 288.006l-223.998-223.998 64-64 223.998 223.998zM896 352l-32 352c-288 0-704 320-704 320l-53.13-53.13 273.664-273.664c10.974 4.368 22.934 6.794 35.466 6.794 53.020 0 96-42.98 96-96 0-53.020-42.98-96-96-96-53.020 0-96 42.98-96 96 0 12.532 2.426 24.49 6.794 35.466l-273.664 273.664-53.13-53.13c0 0 320-416 320-704l352-32 224 224z"
				],
				"tags": [
					"pen",
					"blog",
					"write",
					"edit",
					"note"
				],
				"grid": 16
			},
			"properties": {
				"id": 8,
				"order": 13,
				"prevSize": 32,
				"code": 58888,
				"name": "pen",
				"ligatures": ""
			},
			"setIdx": 0,
			"iconIdx": 8
		},
		{
			"icon": {
				"paths": [
					"M0 128v832h1024v-832h-1024zM960 896h-896v-704h896v704zM704 352c0-53.019 42.981-96 96-96s96 42.981 96 96c0 53.019-42.981 96-96 96-53.019 0-96-42.981-96-96zM896 832h-768l192-512 256 320 128-96z"
				],
				"tags": [
					"image",
					"picture",
					"photo",
					"graphic"
				],
				"grid": 16
			},
			"properties": {
				"id": 13,
				"order": 32,
				"prevSize": 32,
				"code": 58889,
				"name": "image",
				"ligatures": ""
			},
			"setIdx": 0,
			"iconIdx": 13
		},
		{
			"icon": {
				"paths": [
					"M896 128v832h-672c-53.022 0-96-42.98-96-96 0-53.018 42.978-96 96-96h608v-768h-640c-70.398 0-128 57.6-128 128v768c0 70.4 57.602 128 128 128h768v-896h-64zM256 832h576v64h-576z"
				],
				"tags": [
					"book",
					"reading"
				],
				"grid": 16
			},
			"properties": {
				"id": 31,
				"order": 31,
				"prevSize": 32,
				"code": 58890,
				"name": "book",
				"ligatures": ""
			},
			"setIdx": 0,
			"iconIdx": 31
		},
		{
			"icon": {
				"paths": [
					"M903.432 199.43l-142.864-142.862c-31.112-31.112-92.568-56.568-136.568-56.568h-480c-44 0-80 36-80 80v864c0 44 36 80 80 80h736c44 0 80-36 80-80v-608c0-44-25.456-105.458-56.568-136.57zM858.178 244.686c3.13 3.13 6.25 6.974 9.28 11.314h-163.458v-163.456c4.34 3.030 8.184 6.15 11.314 9.28l142.864 142.862zM896 944c0 8.672-7.328 16-16 16h-736c-8.672 0-16-7.328-16-16v-864c0-8.672 7.328-16 16-16h480c4.832 0 10.254 0.61 16 1.704v254.296h254.296c1.094 5.746 1.704 11.166 1.704 16v608z"
				],
				"tags": [
					"file",
					"paper",
					"page",
					"new",
					"empty",
					"blank",
					"document"
				],
				"grid": 16
			},
			"properties": {
				"id": 38,
				"order": 30,
				"prevSize": 32,
				"code": 58891,
				"name": "file",
				"ligatures": ""
			},
			"setIdx": 0,
			"iconIdx": 38
		},
		{
			"icon": {
				"paths": [
					"M640 256v-256h-448l-192 192v576h384v256h640v-768h-384zM192 90.51v101.49h-101.49l101.49-101.49zM64 704v-448h192v-192h320v192l-192 192v256h-320zM576 346.51v101.49h-101.49l101.49-101.49zM960 960h-512v-448h192v-192h320v640z"
				],
				"tags": [
					"copy",
					"duplicate",
					"files",
					"pages",
					"papers",
					"documents"
				],
				"grid": 16
			},
			"properties": {
				"id": 41,
				"order": 29,
				"prevSize": 32,
				"code": 58892,
				"name": "copy",
				"ligatures": ""
			},
			"setIdx": 0,
			"iconIdx": 41
		},
		{
			"icon": {
				"paths": [
					"M928 128h-832c-52.8 0-96 43.2-96 96v576c0 52.8 43.2 96 96 96h832c52.8 0 96-43.2 96-96v-576c0-52.8-43.2-96-96-96zM96 192h832c17.346 0 32 14.654 32 32v96h-896v-96c0-17.346 14.654-32 32-32zM928 832h-832c-17.346 0-32-14.654-32-32v-288h896v288c0 17.346-14.654 32-32 32zM128 640h64v128h-64zM256 640h64v128h-64zM384 640h64v128h-64z"
				],
				"tags": [
					"credit",
					"card",
					"purchase",
					"payment",
					"ecommerce"
				],
				"grid": 16
			},
			"properties": {
				"id": 57,
				"order": 28,
				"prevSize": 32,
				"code": 58893,
				"name": "credit",
				"ligatures": ""
			},
			"setIdx": 0,
			"iconIdx": 57
		},
		{
			"icon": {
				"paths": [
					"M658.744 749.256l-210.744-210.746v-282.51h128v229.49l173.256 173.254zM512 0c-282.77 0-512 229.23-512 512s229.23 512 512 512 512-229.23 512-512-229.23-512-512-512zM512 896c-212.078 0-384-171.922-384-384s171.922-384 384-384c212.078 0 384 171.922 384 384 0 212.078-171.922 384-384 384z"
				],
				"tags": [
					"clock",
					"time",
					"schedule"
				],
				"grid": 16
			},
			"properties": {
				"id": 72,
				"order": 27,
				"prevSize": 32,
				"code": 58894,
				"name": "clock",
				"ligatures": ""
			},
			"setIdx": 0,
			"iconIdx": 72
		},
		{
			"icon": {
				"paths": [
					"M976 1024h-672c-26.51 0-48-21.49-48-48 0-68.862 29.068-152.204 77.758-222.942 40.692-59.118 90.684-103.62 144.678-129.61-23.798-21.644-44.294-48.026-60.508-78.122-26-48.262-39.746-104.048-39.746-161.328 0-79.606 26.204-154.822 73.786-211.79 49.664-59.46 116.442-92.208 188.032-92.208s138.368 32.748 188.034 92.21c47.58 56.968 73.786 132.182 73.786 211.79 0 57.28-13.744 113.066-39.744 161.328-16.214 30.096-36.71 56.478-60.51 78.122 53.994 25.99 103.986 70.492 144.678 129.61 48.688 70.736 77.756 154.078 77.756 222.94 0 26.51-21.49 48-48 48zM358.074 928h563.852c-9.226-39.34-28.52-82.384-54.762-120.51-41.454-60.226-93.176-99.622-145.638-110.926-22.106-4.764-37.888-24.31-37.888-46.924v-34.292c0-17.26 9.266-33.19 24.27-41.722 59.478-33.832 97.912-108.266 97.912-189.626 0-114.692-74.384-208-165.818-208s-165.818 93.308-165.818 208c0 81.36 38.434 155.792 97.914 189.626 15.002 8.534 24.268 24.462 24.268 41.722v34.292c0 22.614-15.784 42.16-37.888 46.924-52.462 11.304-104.184 50.7-145.64 110.926-26.246 38.126-45.536 81.17-54.764 120.51zM197.114 864h-95.040c9.228-39.34 28.518-82.384 54.76-120.51 41.456-60.226 93.178-99.622 145.64-110.926 22.106-4.764 37.888-24.31 37.888-46.924v-34.292c0-17.26-9.266-33.19-24.268-41.722-59.48-33.834-97.914-108.266-97.914-189.626 0-114.692 74.384-208 165.818-208 6.254 0 12.426 0.452 18.502 1.302 26.358-29.334 56.234-53.174 88.642-71.004-33.192-17.232-69.5-26.298-107.142-26.298-71.59 0-138.368 32.748-188.034 92.21-47.58 56.968-73.784 132.184-73.784 211.79 0 57.28 13.744 113.066 39.746 161.328 16.214 30.096 36.71 56.476 60.508 78.122-53.994 25.99-103.986 70.492-144.678 129.61-48.69 70.736-77.758 154.078-77.758 222.94 0 26.51 21.49 48 48 48h132.386c1.476-31.026 7.198-63.412 16.728-96z"
				],
				"tags": [
					"users",
					"people",
					"group",
					"team",
					"members",
					"community"
				],
				"grid": 16
			},
			"properties": {
				"id": 115,
				"order": 26,
				"prevSize": 32,
				"code": 58895,
				"name": "users",
				"ligatures": ""
			},
			"setIdx": 0,
			"iconIdx": 115
		},
		{
			"icon": {
				"paths": [
					"M896 448h16c26.4 0 48-21.6 48-48v-160c0-26.4-21.6-48-48-48h-16v-192h-128v192h-16c-26.4 0-48 21.6-48 48v160c0 26.4 21.6 48 48 48h16v576h128v-576zM768 256h128v128h-128v-128zM592 832c26.4 0 48-21.6 48-48v-160c0-26.4-21.6-48-48-48h-16v-576h-128v576h-16c-26.4 0-48 21.6-48 48v160c0 26.4 21.6 48 48 48h16v192h128v-192h16zM448 640h128v128h-128v-128zM272 448c26.4 0 48-21.6 48-48v-160c0-26.4-21.6-48-48-48h-16v-192h-128v192h-16c-26.4 0-48 21.6-48 48v160c0 26.4 21.6 48 48 48h16v576h128v-576h16zM128 256h128v128h-128v-128z"
				],
				"tags": [
					"equalizer",
					"control",
					"options",
					"settings",
					"dashboard"
				],
				"grid": 16
			},
			"properties": {
				"id": 141,
				"order": 25,
				"prevSize": 32,
				"code": 58896,
				"name": "equalizer",
				"ligatures": ""
			},
			"setIdx": 0,
			"iconIdx": 141
		},
		{
			"icon": {
				"paths": [
					"M363.722 722.052l41.298-57.816-45.254-45.256-57.818 41.296c-10.722-5.994-22.204-10.774-34.266-14.192l-11.682-70.084h-64l-11.68 70.086c-12.062 3.418-23.544 8.198-34.266 14.192l-57.818-41.298-45.256 45.256 41.298 57.816c-5.994 10.72-10.774 22.206-14.192 34.266l-70.086 11.682v64l70.086 11.682c3.418 12.060 8.198 23.544 14.192 34.266l-41.298 57.816 45.254 45.256 57.818-41.296c10.722 5.994 22.204 10.774 34.266 14.192l11.682 70.084h64l11.68-70.086c12.062-3.418 23.544-8.198 34.266-14.192l57.818 41.296 45.254-45.256-41.298-57.816c5.994-10.72 10.774-22.206 14.192-34.266l70.088-11.68v-64l-70.086-11.682c-3.418-12.060-8.198-23.544-14.192-34.266zM224 864c-35.348 0-64-28.654-64-64s28.652-64 64-64 64 28.654 64 64-28.652 64-64 64zM1024 384v-64l-67.382-12.25c-1.242-8.046-2.832-15.978-4.724-23.79l57.558-37.1-24.492-59.128-66.944 14.468c-4.214-6.91-8.726-13.62-13.492-20.13l39.006-56.342-45.256-45.254-56.342 39.006c-6.512-4.766-13.22-9.276-20.13-13.494l14.468-66.944-59.128-24.494-37.1 57.558c-7.812-1.892-15.744-3.482-23.79-4.724l-12.252-67.382h-64l-12.252 67.382c-8.046 1.242-15.976 2.832-23.79 4.724l-37.098-57.558-59.128 24.492 14.468 66.944c-6.91 4.216-13.62 8.728-20.13 13.494l-56.342-39.006-45.254 45.254 39.006 56.342c-4.766 6.51-9.278 13.22-13.494 20.13l-66.944-14.468-24.492 59.128 57.558 37.1c-1.892 7.812-3.482 15.742-4.724 23.79l-67.384 12.252v64l67.382 12.25c1.242 8.046 2.832 15.978 4.724 23.79l-57.558 37.1 24.492 59.128 66.944-14.468c4.216 6.91 8.728 13.618 13.494 20.13l-39.006 56.342 45.254 45.256 56.342-39.006c6.51 4.766 13.22 9.276 20.13 13.492l-14.468 66.944 59.128 24.492 37.102-57.558c7.81 1.892 15.742 3.482 23.788 4.724l12.252 67.384h64l12.252-67.382c8.044-1.242 15.976-2.832 23.79-4.724l37.1 57.558 59.128-24.492-14.468-66.944c6.91-4.216 13.62-8.726 20.13-13.492l56.342 39.006 45.256-45.256-39.006-56.342c4.766-6.512 9.276-13.22 13.492-20.13l66.944 14.468 24.492-59.13-57.558-37.1c1.892-7.812 3.482-15.742 4.724-23.79l67.382-12.25zM672 491.2c-76.878 0-139.2-62.322-139.2-139.2 0-76.878 62.32-139.2 139.2-139.2s139.2 62.322 139.2 139.2c0 76.878-62.32 139.2-139.2 139.2z"
				],
				"tags": [
					"cogs",
					"settings",
					"gears",
					"generate",
					"control",
					"options"
				],
				"grid": 16
			},
			"properties": {
				"id": 143,
				"order": 24,
				"prevSize": 32,
				"code": 58897,
				"name": "cogs",
				"ligatures": ""
			},
			"setIdx": 0,
			"iconIdx": 143
		},
		{
			"icon": {
				"paths": [
					"M128 896h896v128h-1024v-1024h128zM288 832c-53.020 0-96-42.98-96-96s42.98-96 96-96c2.828 0 5.622 0.148 8.388 0.386l103.192-171.986c-9.84-15.070-15.58-33.062-15.58-52.402 0-53.020 42.98-96 96-96 53.020 0 96 42.98 96 96 0 19.342-5.74 37.332-15.58 52.402l103.192 171.986c2.766-0.238 5.56-0.386 8.388-0.386 2.136 0 4.248 0.094 6.35 0.23l170.356-298.122c-10.536-15.408-16.706-34.036-16.706-54.11 0-53.020 42.98-96 96-96 53.020 0 96 42.98 96 96 0 53.020-42.98 96-96 96-2.14 0-4.248-0.094-6.35-0.232l-170.356 298.124c10.536 15.406 16.706 34.036 16.706 54.11 0 53.020-42.98 96-96 96-53.020 0-96-42.98-96-96 0-19.34 5.74-37.332 15.578-52.402l-103.19-171.984c-2.766 0.238-5.56 0.386-8.388 0.386s-5.622-0.146-8.388-0.386l-103.192 171.986c9.84 15.068 15.58 33.060 15.58 52.4 0 53.020-42.98 96-96 96z"
				],
				"tags": [
					"stats",
					"graph",
					"plot",
					"statistics",
					"chart"
				],
				"grid": 16
			},
			"properties": {
				"id": 150,
				"order": 11,
				"prevSize": 32,
				"code": 58880,
				"name": "stats",
				"ligatures": ""
			},
			"setIdx": 0,
			"iconIdx": 150
		},
		{
			"icon": {
				"paths": [
					"M0 832h1024v128h-1024zM128 576h128v192h-128zM320 320h128v448h-128zM512 512h128v256h-128zM704 128h128v640h-128z"
				],
				"tags": [
					"bars",
					"statistics",
					"stats",
					"chart",
					"graph"
				],
				"grid": 16
			},
			"properties": {
				"id": 151,
				"order": 23,
				"prevSize": 32,
				"code": 58898,
				"name": "bars",
				"ligatures": ""
			},
			"setIdx": 0,
			"iconIdx": 151
		},
		{
			"icon": {
				"paths": [
					"M864 0c-88.372 0-160 71.632-160 160v480h128v384h192v-864c0-88.368-71.634-160-160-160zM416 0c-17.676 0-32 14.328-32 32v224c0 8.836-14.328 16-32 16-17.676 0-32-7.164-32-16v-224c0-17.672-14.328-32-32-32-17.674 0-32 14.328-32 32v224c0 8.836-14.328 16-32 16-17.674 0-32-7.164-32-16v-224c0-17.672-14.328-32-32-32-17.674 0-32 14.328-32 32v224c0 8.836-14.328 16-32 16s-32-7.164-32-16v-224c0-17.672-14.328-32-32-32s-32 14.328-32 32v224 64c0 28.318 25.058 44.11 53.004 64 35.21 25.064 74.996 56.636 74.996 128v512h192v-512c0-71.364 39.786-102.936 74.992-128 27.946-19.89 53.008-35.682 53.008-64v-64-224c0-17.672-14.326-32-32-32z"
				],
				"tags": [
					"food",
					"knife",
					"fork",
					"dinner",
					"lunch",
					"restaurant"
				],
				"grid": 16
			},
			"properties": {
				"id": 157,
				"order": 22,
				"prevSize": 32,
				"code": 58899,
				"name": "food",
				"ligatures": ""
			},
			"setIdx": 0,
			"iconIdx": 157
		},
		{
			"icon": {
				"paths": [
					"M768 639.968l-182.82-182.822 438.82-329.15-128.010-127.996-548.52 219.442-172.7-172.706c-49.78-49.778-119.302-61.706-154.502-26.508-35.198 35.198-23.268 104.726 26.51 154.5l172.686 172.684-219.464 548.582 127.99 128.006 329.19-438.868 182.826 182.828v255.98h127.994l63.992-191.988 191.988-63.996v-127.992l-255.98 0.004z"
				],
				"tags": [
					"airplane",
					"flight",
					"fly",
					"plane",
					"travel",
					"vacation"
				],
				"grid": 16
			},
			"properties": {
				"id": 170,
				"order": 21,
				"prevSize": 32,
				"code": 58900,
				"name": "airplane",
				"ligatures": ""
			},
			"setIdx": 0,
			"iconIdx": 170
		},
		{
			"icon": {
				"paths": [
					"M64 192h896v192h-896zM64 448h896v192h-896zM64 704h896v192h-896z"
				],
				"tags": [
					"menu",
					"list",
					"items",
					"lines",
					"options"
				],
				"grid": 16
			},
			"properties": {
				"id": 184,
				"order": 14,
				"prevSize": 32,
				"code": 58901,
				"name": "menu",
				"ligatures": ""
			},
			"setIdx": 0,
			"iconIdx": 184
		},
		{
			"icon": {
				"paths": [
					"M976 768h-16v-208c0-61.756-50.242-112-112-112h-272v-128h16c26.4 0 48-21.6 48-48v-160c0-26.4-21.6-48-48-48h-160c-26.4 0-48 21.6-48 48v160c0 26.4 21.6 48 48 48h16v128h-272c-61.756 0-112 50.244-112 112v208h-16c-26.4 0-48 21.6-48 48v160c0 26.4 21.6 48 48 48h160c26.4 0 48-21.6 48-48v-160c0-26.4-21.6-48-48-48h-16v-192h256v192h-16c-26.4 0-48 21.6-48 48v160c0 26.4 21.6 48 48 48h160c26.4 0 48-21.6 48-48v-160c0-26.4-21.6-48-48-48h-16v-192h256v192h-16c-26.4 0-48 21.6-48 48v160c0 26.4 21.6 48 48 48h160c26.4 0 48-21.6 48-48v-160c0-26.4-21.6-48-48-48zM192 960h-128v-128h128v128zM576 960h-128v-128h128v128zM448 256v-128h128v128h-128zM960 960h-128v-128h128v128z"
				],
				"tags": [
					"tree",
					"branches",
					"descendants"
				],
				"grid": 16
			},
			"properties": {
				"id": 185,
				"order": 20,
				"prevSize": 32,
				"code": 58902,
				"name": "tree",
				"ligatures": ""
			},
			"setIdx": 0,
			"iconIdx": 185
		},
		{
			"icon": {
				"paths": [
					"M1014.662 822.66c-0.004-0.004-0.008-0.008-0.012-0.010l-310.644-310.65 310.644-310.65c0.004-0.004 0.008-0.006 0.012-0.010 3.344-3.346 5.762-7.254 7.312-11.416 4.246-11.376 1.824-24.682-7.324-33.83l-146.746-146.746c-9.148-9.146-22.45-11.566-33.828-7.32-4.16 1.55-8.070 3.968-11.418 7.31 0 0.004-0.004 0.006-0.008 0.010l-310.648 310.652-310.648-310.65c-0.004-0.004-0.006-0.006-0.010-0.010-3.346-3.342-7.254-5.76-11.414-7.31-11.38-4.248-24.682-1.826-33.83 7.32l-146.748 146.748c-9.148 9.148-11.568 22.452-7.322 33.828 1.552 4.16 3.97 8.072 7.312 11.416 0.004 0.002 0.006 0.006 0.010 0.010l310.65 310.648-310.65 310.652c-0.002 0.004-0.006 0.006-0.008 0.010-3.342 3.346-5.76 7.254-7.314 11.414-4.248 11.376-1.826 24.682 7.322 33.83l146.748 146.746c9.15 9.148 22.452 11.568 33.83 7.322 4.16-1.552 8.070-3.97 11.416-7.312 0.002-0.004 0.006-0.006 0.010-0.010l310.648-310.65 310.648 310.65c0.004 0.002 0.008 0.006 0.012 0.008 3.348 3.344 7.254 5.762 11.414 7.314 11.378 4.246 24.684 1.826 33.828-7.322l146.746-146.748c9.148-9.148 11.57-22.454 7.324-33.83-1.552-4.16-3.97-8.068-7.314-11.414z"
				],
				"tags": [
					"close",
					"cancel",
					"quit",
					"remove",
					"cross"
				],
				"grid": 16
			},
			"properties": {
				"id": 253,
				"order": 40,
				"prevSize": 32,
				"code": 58903,
				"name": "close",
				"ligatures": ""
			},
			"setIdx": 0,
			"iconIdx": 253
		},
		{
			"icon": {
				"paths": [
					"M864 128l-480 480-224-224-160 160 384 384 640-640z"
				],
				"tags": [
					"checkmark",
					"tick",
					"correct",
					"accept",
					"ok"
				],
				"grid": 16
			},
			"properties": {
				"id": 254,
				"order": 39,
				"prevSize": 32,
				"code": 58904,
				"name": "checkmark",
				"ligatures": ""
			},
			"setIdx": 0,
			"iconIdx": 254
		},
		{
			"icon": {
				"paths": [
					"M621.254 877.254l320-320c24.994-24.992 24.994-65.516 0-90.51l-320-320c-24.994-24.992-65.516-24.992-90.51 0-24.994 24.994-24.994 65.516 0 90.51l210.746 210.746h-613.49c-35.346 0-64 28.654-64 64s28.654 64 64 64h613.49l-210.746 210.746c-12.496 12.496-18.744 28.876-18.744 45.254s6.248 32.758 18.744 45.254c24.994 24.994 65.516 24.994 90.51 0z"
				],
				"tags": [
					"arrow-right",
					"right",
					"next"
				],
				"grid": 16
			},
			"properties": {
				"id": 298,
				"order": 37,
				"prevSize": 32,
				"code": 58905,
				"name": "arrow-right",
				"ligatures": ""
			},
			"setIdx": 0,
			"iconIdx": 298
		},
		{
			"icon": {
				"paths": [
					"M146.746 621.254l320 320c24.992 24.994 65.516 24.994 90.51 0l320-320c24.992-24.994 24.992-65.516 0-90.51-24.994-24.994-65.516-24.994-90.51 0l-210.746 210.746v-613.49c0-35.346-28.654-64-64-64s-64 28.654-64 64v613.49l-210.746-210.746c-12.496-12.496-28.876-18.744-45.254-18.744s-32.758 6.248-45.254 18.744c-24.994 24.994-24.994 65.516 0 90.51z"
				],
				"tags": [
					"arrow-down",
					"download",
					"bottom"
				],
				"grid": 16
			},
			"properties": {
				"id": 300,
				"order": 38,
				"prevSize": 32,
				"code": 58906,
				"name": "arrow-down",
				"ligatures": ""
			},
			"setIdx": 0,
			"iconIdx": 300
		},
		{
			"icon": {
				"paths": [
					"M0 0v1024h1024v-1024h-1024zM960 960h-896v-896h896v896zM768 224l-320 320-192-192-128 128 320 320 448-448-128-128z"
				],
				"tags": [
					"checkbox-checked",
					"tick",
					"checked",
					"selected"
				],
				"grid": 16
			},
			"properties": {
				"id": 312,
				"order": 19,
				"prevSize": 32,
				"code": 58907,
				"name": "checkbox-checked",
				"ligatures": ""
			},
			"setIdx": 0,
			"iconIdx": 312
		},
		{
			"icon": {
				"paths": [
					"M0 64v896h1024v-896h-1024zM384 640v-192h256v192h-256zM640 704v192h-256v-192h256zM640 192v192h-256v-192h256zM320 192v192h-256v-192h256zM64 448h256v192h-256v-192zM704 448h256v192h-256v-192zM704 384v-192h256v192h-256zM64 704h256v192h-256v-192zM704 896v-192h256v192h-256z"
				],
				"tags": [
					"table",
					"wysiwyg"
				],
				"grid": 16
			},
			"properties": {
				"id": 331,
				"order": 18,
				"prevSize": 32,
				"code": 58908,
				"name": "table",
				"ligatures": ""
			},
			"setIdx": 0,
			"iconIdx": 331
		},
		{
			"icon": {
				"paths": [
					"M842.012 589.48c-13.648-13.446-43.914-20.566-89.972-21.172-31.178-0.344-68.702 2.402-108.17 7.928-17.674-10.198-35.892-21.294-50.188-34.658-38.462-35.916-70.568-85.772-90.576-140.594 1.304-5.12 2.414-9.62 3.448-14.212 0 0 21.666-123.060 15.93-164.666-0.79-5.706-1.274-7.362-2.808-11.796l-1.882-4.834c-5.896-13.592-17.448-27.994-35.566-27.208l-10.624-0.338-0.292-0.006c-20.2 0-36.664 10.332-40.986 25.774-13.138 48.434 0.418 120.892 24.982 214.738l-6.288 15.286c-17.588 42.876-39.63 86.060-59.078 124.158l-2.528 4.952c-20.46 40.038-39.024 74.026-55.854 102.822l-17.376 9.188c-1.264 0.668-31.044 16.418-38.028 20.644-59.256 35.382-98.522 75.54-105.036 107.416-2.072 10.17-0.53 23.186 10.014 29.214l16.806 8.458c7.29 3.652 14.978 5.502 22.854 5.502 42.204 0 91.2-52.572 158.696-170.366 77.93-25.368 166.654-46.456 244.414-58.090 59.258 33.368 132.142 56.546 178.142 56.546 8.168 0 15.212-0.778 20.932-2.296 8.822-2.336 16.258-7.366 20.792-14.192 8.926-13.432 10.734-31.932 8.312-50.876-0.722-5.624-5.212-12.576-10.070-17.322zM211.646 814.048c7.696-21.042 38.16-62.644 83.204-99.556 2.832-2.296 9.808-8.832 16.194-14.902-47.102 75.124-78.646 105.066-99.398 114.458zM478.434 199.686c13.566 0 21.284 34.194 21.924 66.254 0.64 32.060-6.858 54.56-16.158 71.208-7.702-24.648-11.426-63.5-11.426-88.904 0 0-0.566-48.558 5.66-48.558zM398.852 637.494c9.45-16.916 19.282-34.756 29.33-53.678 24.492-46.316 39.958-82.556 51.478-112.346 22.91 41.684 51.444 77.12 84.986 105.512 4.184 3.542 8.618 7.102 13.274 10.65-68.21 13.496-127.164 29.91-179.068 49.862zM828.904 633.652c-4.154 2.598-16.054 4.1-23.708 4.1-24.706 0-55.272-11.294-98.126-29.666 16.468-1.218 31.562-1.838 45.1-1.838 24.782 0 32.12-0.108 56.35 6.072s24.538 18.734 20.384 21.332zM903.432 199.43l-142.864-142.862c-31.112-31.112-92.568-56.568-136.568-56.568h-480c-44 0-80 36-80 80v864c0 44 36 80 80 80h736c44 0 80-36 80-80v-608c0-44-25.456-105.458-56.568-136.57zM858.178 244.686c3.13 3.13 6.25 6.974 9.28 11.314h-163.458v-163.456c4.34 3.030 8.184 6.15 11.314 9.28l142.864 142.862zM896 944c0 8.672-7.328 16-16 16h-736c-8.672 0-16-7.328-16-16v-864c0-8.672 7.328-16 16-16h480c4.832 0 10.254 0.61 16 1.704v254.296h254.296c1.094 5.746 1.704 11.166 1.704 16v608z"
				],
				"tags": [
					"file-pdf",
					"file",
					"format",
					"pdf"
				],
				"grid": 16
			},
			"properties": {
				"id": 434,
				"order": 17,
				"prevSize": 32,
				"code": 58909,
				"name": "file-pdf",
				"ligatures": ""
			},
			"setIdx": 0,
			"iconIdx": 434
		},
		{
			"icon": {
				"paths": [
					"M639.778 475.892h44.212l-51.012 226.178-66.326-318.010h-106.55l-77.114 318.010-57.816-318.010h-111.394l113.092 511.882h108.838l76.294-302.708 68.256 302.708h100.336l129.63-511.882h-170.446zM903.432 199.43l-142.864-142.862c-31.112-31.112-92.568-56.568-136.568-56.568h-480c-44 0-80 36-80 80v864c0 44 36 80 80 80h736c44 0 80-36 80-80v-608c0-44-25.456-105.458-56.568-136.57zM858.178 244.686c3.13 3.13 6.25 6.974 9.28 11.314h-163.458v-163.456c4.34 3.030 8.184 6.15 11.314 9.28l142.864 142.862zM896 944c0 8.672-7.328 16-16 16h-736c-8.672 0-16-7.328-16-16v-864c0-8.672 7.328-16 16-16h480c4.832 0 10.254 0.61 16 1.704v254.296h254.296c1.094 5.746 1.704 11.166 1.704 16v608z"
				],
				"tags": [
					"file-word",
					"file",
					"format",
					"word",
					"docx"
				],
				"grid": 16
			},
			"properties": {
				"id": 436,
				"order": 16,
				"prevSize": 32,
				"code": 58910,
				"name": "file-word",
				"ligatures": ""
			},
			"setIdx": 0,
			"iconIdx": 436
		},
		{
			"icon": {
				"paths": [
					"M743.028 384h-135.294l-95.732 141.032-95.74-141.032h-135.288l162.162 242.464-182.974 269.536h262.24v-91.576h-60.556l50.156-74.994 111.396 166.57h140.442l-182.976-269.536zM903.432 199.43l-142.864-142.862c-31.112-31.112-92.568-56.568-136.568-56.568h-480c-44 0-80 36-80 80v864c0 44 36 80 80 80h736c44 0 80-36 80-80v-608c0-44-25.456-105.458-56.568-136.57zM858.178 244.686c3.13 3.13 6.25 6.974 9.28 11.314h-163.458v-163.456c4.34 3.030 8.184 6.15 11.314 9.28l142.864 142.862zM896 944c0 8.672-7.328 16-16 16h-736c-8.672 0-16-7.328-16-16v-864c0-8.672 7.328-16 16-16h480c4.832 0 10.254 0.61 16 1.704v254.296h254.296c1.094 5.746 1.704 11.166 1.704 16v608z"
				],
				"tags": [
					"file-excel",
					"file",
					"format",
					"excel",
					"xlc"
				],
				"grid": 16
			},
			"properties": {
				"id": 437,
				"order": 15,
				"prevSize": 32,
				"code": 58911,
				"name": "file-excel",
				"ligatures": ""
			},
			"setIdx": 0,
			"iconIdx": 437
		},
		{
			"icon": {
				"paths": [
					"M512 224c8.832 0 16 7.168 16 16s-7.2 16-16 16c-170.464 0-320 89.728-320 192 0 8.832-7.168 16-16 16-8.832 0-16-7.168-16-16 0-121.408 161.184-224 352-224zM512 64c-282.784 0-512 171.936-512 384 0 132.064 88.928 248.512 224.256 317.632 0 0.864-0.256 1.44-0.256 2.368 0 57.376-42.848 119.136-61.696 151.552 0.032 0 0.064 0 0.064 0-1.504 3.52-2.368 7.392-2.368 11.456 0 16 12.96 28.992 28.992 28.992 3.008 0 8.288-0.8 8.16-0.448 100-16.384 194.208-108.256 216.096-134.88 31.968 4.704 64.928 7.328 98.752 7.328 282.72 0 512-171.936 512-384 0-212.064-229.248-384-512-384zM512 768c-29.344 0-59.456-2.24-89.472-6.624-3.104-0.512-6.208-0.672-9.28-0.672-19.008 0-37.216 8.448-49.472 23.36-13.696 16.672-52.672 53.888-98.72 81.248 12.48-28.64 22.24-60.736 22.912-93.824 0.192-2.048 0.288-4.128 0.288-5.888 0-24.064-13.472-46.048-34.88-56.992-118.592-60.544-189.376-157.984-189.376-260.608 0-176.448 200.96-320 448-320 246.976 0 448 143.552 448 320 0 176.448-200.992 320-448 320z"
				],
				"tags": [
					"bubble",
					"comment",
					"chat",
					"talk"
				],
				"grid": 32
			},
			"properties": {
				"id": 20,
				"order": 12,
				"prevSize": 32,
				"code": 58881,
				"name": "bubble",
				"ligatures": ""
			},
			"setIdx": 1,
			"iconIdx": 20
		},
		{
			"icon": {
				"paths": [
					"M896 160h-768c-70.688 0-128 57.344-128 128v416c0 70.688 57.312 128 128 128h768c70.688 0 128-57.312 128-128v-416c0-70.656-57.312-128-128-128zM64 328l223.968 168-223.968 168v-336zM960 704c0 35.328-28.736 64-64 64h-768c-35.296 0-64-28.672-64-64l250.624-188 139.776 104.864c17.056 12.736 37.312 19.2 57.6 19.2 20.256 0 40.512-6.432 57.568-19.2l139.808-104.864 250.624 188zM960 664l-224-168 224-168v336zM550.368 595.264c-11.168 8.384-24.416 12.8-38.368 12.8s-27.232-4.448-38.4-12.8l-409.6-307.264c0-35.296 28.704-64 64-64h768c35.264 0 64 28.704 64 64l-409.632 307.264z"
				],
				"tags": [
					"mail",
					"email",
					"letter",
					"envelope",
					"contact"
				],
				"grid": 32
			},
			"properties": {
				"id": 25,
				"order": 9,
				"prevSize": 32,
				"code": 58882,
				"name": "mail",
				"ligatures": ""
			},
			"setIdx": 1,
			"iconIdx": 25
		},
		{
			"icon": {
				"paths": [
					"M938.688 96h-138.688v-64c0-17.696-14.304-32-32-32s-32 14.304-32 32v64h-192v-64c0-17.696-14.336-32-32-32s-32 14.304-32 32v64h-192v-64c0-17.696-14.336-32-32-32s-32 14.304-32 32v64h-138.656c-47.136 0-85.344 38.176-85.344 85.312v757.344c0 47.136 38.208 85.344 85.344 85.344h853.344c47.136 0 85.312-38.208 85.312-85.344v-757.344c0-47.136-38.176-85.312-85.312-85.312zM960 938.656c0 11.776-9.568 21.344-21.312 21.344h-853.344c-11.776 0-21.344-9.568-21.344-21.344v-757.344c0-11.744 9.568-21.312 21.344-21.312h138.656v64c0 17.696 14.336 32 32 32s32-14.304 32-32v-64h192v64c0 17.696 14.336 32 32 32s32-14.304 32-32v-64h192v64c0 17.696 14.304 32 32 32s32-14.304 32-32v-64h138.688c11.744 0 21.312 9.568 21.312 21.312v757.344zM224 384h128v96h-128zM224 544h128v96h-128zM224 704h128v96h-128zM448 704h128v96h-128zM448 544h128v96h-128zM448 384h128v96h-128zM672 704h128v96h-128zM672 544h128v96h-128zM672 384h128v96h-128z"
				],
				"tags": [
					"calendar",
					"date",
					"schedule"
				],
				"grid": 32
			},
			"properties": {
				"id": 43,
				"order": 10,
				"prevSize": 32,
				"code": 58883,
				"name": "calendar",
				"ligatures": ""
			},
			"setIdx": 1,
			"iconIdx": 43
		}
	],
	"height": 1024,
	"metadata": {
		"name": "icomoon"
	},
	"preferences": {
		"fontPref": {
			"prefix": "icon-",
			"metadata": {
				"fontFamily": "icomoon"
			},
			"showGlyphs": true,
			"metrics": {
				"emSize": 512,
				"baseline": 6.25,
				"whitespace": 50
			},
			"resetPoint": 58880,
			"showQuickUse": true,
			"quickUsageToken": false,
			"showMetrics": true,
			"showMetadata": false
		},
		"imagePref": {
			"color": 0,
			"height": 32,
			"columns": 16,
			"margin": 16,
			"png": false,
			"sprites": true
		},
		"historySize": 100,
		"showCodes": true,
		"gridSize": 16,
		"showLiga": false,
		"showGrid": true,
		"showGlyphs": true,
		"showQuickUse": true,
		"search": ""
	}
}